---,League,LeagueName,TextColorCode,OutlineColorCode,OutlineColorStrength
Immortal,LD_IMMORTAL,Immortal,"(R=1.000000,G=1.000000,B=1.000000,A=1.000000)","(R=0.000000,G=0.000000,B=0.000000,A=1.000000)",2
Diamond,LD_DIAMOND,Diamond,"(R=1.000000,G=1.000000,B=1.000000,A=1.000000)","(R=0.000000,G=0.000000,B=0.000000,A=1.000000)",2
Platinum,LD_PLATIN,Platinum,"(R=1.000000,G=1.000000,B=1.000000,A=1.000000)","(R=0.000000,G=0.000000,B=0.000000,A=1.000000)",2
Gold,LD_GOLD,Gold,"(R=1.000000,G=1.000000,B=1.000000,A=1.000000)","(R=0.000000,G=0.000000,B=0.000000,A=1.000000)",2
Silver,LD_SILVER,Silver,"(R=1.000000,G=1.000000,B=1.000000,A=1.000000)","(R=0.000000,G=0.000000,B=0.000000,A=1.000000)",2
Copper,LD_COPPER,Copper,"(R=1.000000,G=1.000000,B=1.000000,A=1.000000)","(R=0.000000,G=0.000000,B=0.000000,A=1.000000)",2
Bronze,LD_BRONZE,Bronze,"(R=1.000000,G=1.000000,B=1.000000,A=1.000000)","(R=0.000000,G=0.000000,B=0.000000,A=1.000000)",2